{"global_step": 1920000, "_timestamp": 1702221891.9438133, "rollout/ep_len_mean": 4001.0, "rollout/ep_rew_mean": -13831.5556640625, "time/fps": 135.0, "_runtime": 14122.927222251892, "_step": 23, "train/approx_kl": 0.002152350964024663, "train/explained_variance": 0.9883612990379333, "train/entropy_loss": -8.006550788879395, "train/policy_gradient_loss": -3.409049895708449e-05, "train/loss": -1.575026035308838, "train/learning_rate": 7.999999797903001e-05, "train/clip_range": 0.20000000298023224, "train/clip_fraction": 0.006685410160571337, "train/value_loss": 1.3566807508468628, "train/std": 746.2437133789062}