{"global_step": 3158899, "_timestamp": 1712834355.0194519, "rollout/ep_len_mean": 941.3900146484375, "time/fps": 52.0, "train/ent_coef_loss": -2.987856388092041, "train/ent_coef": 0.013060207478702068, "train/learning_rate": 0.000684110214933753, "train/critic_loss": 13.636079788208008, "rollout/ep_rew_mean": 866.1065063476562, "train/actor_loss": -90.6434097290039, "_runtime": 59886.84987783432, "_step": 1708, "eval/mean_ep_length": 1190.0, "eval/mean_reward": 1092.236328125}