{"global_step": 3630000, "_timestamp": 1712767921.018767, "rollout/ep_len_mean": 750.0, "time/fps": 37.0, "train/ent_coef_loss": -1.3109403848648071, "train/ent_coef": 0.0051812538877129555, "train/learning_rate": 0.0006370000774040818, "train/critic_loss": 0.7605185508728027, "rollout/ep_rew_mean": 534.8533325195312, "train/actor_loss": -66.57705688476562, "_runtime": 96846.75305509567, "_step": 2178, "eval/mean_ep_length": 1649.4000244140625, "eval/mean_reward": 1109.2332763671875}