{"global_step": 924301, "_timestamp": 1712652371.9705179, "rollout/ep_len_mean": 53.34000015258789, "rollout/ep_rew_mean": 42.121212005615234, "time/fps": 12.0, "train/actor_loss": -24.576047897338867, "train/critic_loss": 7.213877201080322, "train/ent_coef_loss": -9.887691497802734, "train/ent_coef": 6.64097524349927e-06, "train/learning_rate": 0.009075700305402279, "_runtime": 73674.09982180595, "_step": 4925, "eval/mean_ep_length": 62.0, "eval/mean_reward": 51.909912109375}