{"global_step": 920000, "_timestamp": 1711276060.8312619, "rollout/ep_len_mean": 5000.0, "time/fps": 9.0, "train/ent_coef_loss": -2.5540614128112793, "train/ent_coef": 0.008420216850936413, "train/learning_rate": 0.0009080001036636531, "train/critic_loss": 1.843958854675293, "rollout/ep_rew_mean": 1303.3922119140625, "train/actor_loss": -4.3158063888549805, "_runtime": 94667.99561977386, "_step": 45}