{"global_step": 2010000, "_timestamp": 1712425098.3021169, "rollout/ep_len_mean": 578.2999877929688, "rollout/ep_rew_mean": 475.86053466796875, "time/fps": 120.0, "train/actor_loss": -38.519065856933594, "train/critic_loss": 7.503993511199951, "train/ent_coef_loss": 3.451630115509033, "train/ent_coef": 0.01845640316605568, "train/learning_rate": 7.990084850462154e-05, "_runtime": 16746.32673883438, "_step": 906, "eval/mean_ep_length": 489.0, "eval/mean_reward": 407.62060546875}