{"global_step": 2099666, "_timestamp": 1711938890.0155313, "rollout/ep_len_mean": 576.010009765625, "time/fps": 33.0, "train/ent_coef_loss": -2.863610029220581, "train/ent_coef": 0.025466931983828545, "train/learning_rate": 0.0007900334894657135, "train/critic_loss": 23.53844451904297, "rollout/ep_rew_mean": 531.1105346679688, "train/actor_loss": -68.90516662597656, "_runtime": 62568.40292739868, "_step": 1593, "eval/mean_ep_length": 740.0, "eval/mean_reward": 689.89453125}