{"global_step": 2320000, "_timestamp": 1711438012.5783243, "rollout/ep_len_mean": 5000.0, "time/fps": 64.0, "train/ent_coef_loss": -10.904903411865234, "train/ent_coef": 0.008233921602368355, "train/learning_rate": 0.0007680000853724778, "train/critic_loss": 4.023525238037109, "rollout/ep_rew_mean": 561.3834228515625, "train/actor_loss": -27.358203887939453, "_runtime": 36249.57168126106, "_step": 115}