{"global_step": 3020000, "_timestamp": 1706028726.7065692, "rollout/ep_len_mean": 5000.0, "rollout/ep_rew_mean": -4396.12060546875, "time/fps": 29.0, "train/actor_loss": 65.89620971679688, "train/ent_coef": 0.06156482174992561, "train/learning_rate": 6.980000762268901e-05, "train/critic_loss": 1.6916282176971436, "train/ent_coef_loss": -1.034763216972351, "_runtime": 101069.32326030731, "_step": 150}