{"global_step": 780000, "_timestamp": 1705097385.3177938, "rollout/ep_len_mean": 5000.0, "time/fps": 28.0, "rollout/ep_rew_mean": -347.6243896484375, "train/actor_loss": 65.973876953125, "train/critic_loss": 1.5705506801605225, "train/ent_coef": 0.013912671245634556, "train/ent_coef_loss": -0.3322301506996155, "train/learning_rate": 0.0009054546826519072, "_runtime": 27621.488976955414, "_step": 38}