{"global_step": 257424, "_timestamp": 1712785129.5582457, "rollout/ep_len_mean": 896.6099853515625, "time/fps": 38.0, "rollout/ep_rew_mean": 825.389404296875, "train/ent_coef_loss": -1.7236769199371338, "train/ent_coef": 0.1241374984383583, "train/learning_rate": 0.0009742577094584703, "train/critic_loss": 315.39727783203125, "train/actor_loss": -313.5260009765625, "_runtime": 6647.760571718216, "_step": 229, "eval/mean_ep_length": 782.0, "eval/mean_reward": 710.9002685546875}