{"global_step": 3360000, "_timestamp": 1712051591.3373547, "eval/mean_ep_length": 5000.0, "eval/mean_reward": 1566.462646484375, "train/actor_loss": -27.242612838745117, "train/ent_coef": 0.004330109339207411, "train/learning_rate": 0.0006640001083724201, "train/critic_loss": 0.41541358828544617, "train/ent_coef_loss": -2.0401835441589355, "_runtime": 93139.93490767479, "_step": 335, "time/fps": 36.0, "rollout/ep_rew_mean": 1661.3406982421875, "rollout/ep_len_mean": 5000.0}