{"global_step": 2548263, "_timestamp": 1712260264.6923537, "rollout/ep_len_mean": 288.5799865722656, "time/fps": 41.0, "train/ent_coef_loss": -0.6692513227462769, "train/ent_coef": 0.011490128003060818, "train/learning_rate": 0.0007451737765222788, "train/critic_loss": 26.50977325439453, "rollout/ep_rew_mean": 244.92684936523438, "train/actor_loss": -55.69225311279297, "_runtime": 99582.75825476646, "_step": 2633, "eval/mean_ep_length": 112.0, "eval/mean_reward": 92.95179748535156, "SAC_70/global_step": 1929958, "SAC_70/rollout/ep_len_mean": 949.8099975585938, "SAC_70/time/fps": 50.0, "SAC_70/train/ent_coef_loss": -2.441612958908081, "SAC_70/train/ent_coef": 0.015179087407886982, "SAC_70/train/learning_rate": 8.07004289526958e-06, "SAC_70/train/critic_loss": 2.969010353088379, "SAC_70/rollout/ep_rew_mean": 844.0830078125, "SAC_70/train/actor_loss": -63.56431579589844, "SAC_70/eval/mean_ep_length": 3466.0, "SAC_70/eval/mean_reward": 3228.313720703125}