{"global_step": 3430000, "_timestamp": 1706736332.0824738, "eval/mean_ep_length": 5000.0, "train/actor_loss": 813.1151123046875, "train/ent_coef_loss": 0.26025742292404175, "train/learning_rate": 0.0006570001132786274, "train/ent_coef": 0.40036630630493164, "eval/mean_reward": -4835.50341796875, "train/critic_loss": 4312.55517578125, "_runtime": 211535.09733772278, "_step": 342, "time/fps": 16.0, "rollout/ep_rew_mean": -22638.208984375, "rollout/ep_len_mean": 5000.0}