{"global_step": 1338473, "_timestamp": 1713155487.9925985, "rollout/ep_len_mean": 211.55999755859375, "time/fps": 32.0, "train/ent_coef_loss": 0.18776154518127441, "train/ent_coef": 0.031037690117955208, "train/learning_rate": 0.0008661528117954731, "train/critic_loss": 67.39332580566406, "rollout/ep_rew_mean": 173.40234375, "train/actor_loss": -94.19921112060547, "_runtime": 40678.112127542496, "_step": 2010, "eval/mean_ep_length": 858.0, "eval/mean_reward": 995.6171264648438}