{"global_step": 1357857, "_timestamp": 1712804561.6154742, "rollout/ep_len_mean": 805.75, "time/fps": 44.0, "train/ent_coef_loss": -2.7609500885009766, "train/ent_coef": 0.008056795224547386, "train/learning_rate": 0.0008642143802717328, "train/critic_loss": 4.724692344665527, "rollout/ep_rew_mean": 697.4950561523438, "train/actor_loss": -98.6412353515625, "_runtime": 30261.651213169098, "_step": 738, "eval/mean_ep_length": 752.0, "eval/mean_reward": 663.0383911132812}