{"global_step": 600000, "_timestamp": 1702169994.488492, "rollout/ep_len_mean": 4001.0, "rollout/ep_rew_mean": -27672.10546875, "time/fps": 184.0, "_runtime": 3249.2648360729218, "_step": 14, "train/entropy_loss": -4.467631816864014, "train/clip_range": 0.20000000298023224, "train/policy_gradient_loss": 0.012030092999339104, "train/loss": 805.2664184570312, "train/learning_rate": 0.0005520000122487545, "train/explained_variance": 0.9873551726341248, "train/clip_fraction": 0.08497824519872665, "train/approx_kl": 0.022366663441061974, "train/value_loss": 2589.458984375, "train/std": 22.055980682373047}