{"global_step": 640000, "_timestamp": 1702170219.739465, "rollout/ep_len_mean": 4001.0, "rollout/ep_rew_mean": -27253.251953125, "time/fps": 184.0, "_runtime": 3474.515809059143, "_step": 15, "train/entropy_loss": -4.699507713317871, "train/clip_range": 0.20000000298023224, "train/policy_gradient_loss": 0.01712840609252453, "train/loss": 318.0245056152344, "train/learning_rate": 0.0005200000014156103, "train/explained_variance": 0.9899439215660095, "train/clip_fraction": 0.21244314312934875, "train/approx_kl": 0.04826591908931732, "train/value_loss": 1104.6387939453125, "train/std": 27.859743118286133}