{"global_step": 680000, "_timestamp": 1702170442.0604126, "rollout/ep_len_mean": 4001.0, "rollout/ep_rew_mean": -27066.65625, "time/fps": 184.0, "_runtime": 3696.836756706238, "_step": 16, "train/entropy_loss": -4.8340654373168945, "train/clip_range": 0.20000000298023224, "train/policy_gradient_loss": 0.007427743636071682, "train/loss": 469.9393310546875, "train/learning_rate": 0.0004879999905824661, "train/explained_variance": 0.9904504418373108, "train/clip_fraction": 0.0658227875828743, "train/approx_kl": 0.014063551090657711, "train/value_loss": 1699.4246826171875, "train/std": 31.485227584838867}