{"global_step": 6527909, "_timestamp": 1705043254.5114095, "rollout/ep_len_mean": 180.3300018310547, "rollout/ep_rew_mean": -6958.8818359375, "time/fps": 24.0, "train/actor_loss": 1257.1458740234375, "train/critic_loss": 30834.63671875, "train/ent_coef": 7.856908798217773, "train/ent_coef_loss": 0.4353233575820923, "train/learning_rate": 0.0009980332106351852, "_runtime": 227886.135992527, "_step": 658, "SAC_20/global_step": 132552, "SAC_20/rollout/ep_len_mean": 861.8099975585938, "SAC_20/time/fps": 24.0, "SAC_20/train/ent_coef_loss": -0.1475105732679367, "SAC_20/train/ent_coef": 13.50652027130127, "SAC_20/train/learning_rate": 0.0009918430587276816, "SAC_20/train/critic_loss": 402550.4375, "SAC_20/rollout/ep_rew_mean": -85401.46875, "SAC_20/train/actor_loss": 13710.79296875, "SAC_22/global_step": 6527909, "SAC_22/rollout/ep_len_mean": 3817.409912109375, "SAC_22/rollout/ep_rew_mean": 33810.71484375, "SAC_22/time/fps": 29.0, "SAC_22/train/critic_loss": 12167.130859375, "SAC_22/train/learning_rate": 0.0005982826114632189, "SAC_22/train/ent_coef_loss": 0.3720979690551758, "SAC_22/train/actor_loss": -1198.4853515625, "SAC_22/train/ent_coef": 2.2157981395721436, "SAC_23/global_step": 6554, "SAC_23/rollout/ep_len_mean": 53.599998474121094, "SAC_23/rollout/ep_rew_mean": -99146.796875, "SAC_23/train/actor_loss": 14651.162109375, "SAC_23/train/ent_coef_loss": -1.267187237739563, "SAC_23/train/learning_rate": 0.0009992057457566261, "SAC_23/train/ent_coef": 237.56942749023438, "SAC_23/time/fps": 35.0, "SAC_23/train/critic_loss": 8017739.0}