{"global_step": 7313161, "_timestamp": 1704869784.2802038, "rollout/ep_len_mean": 2031.43994140625, "rollout/ep_rew_mean": 37562.84765625, "time/fps": 24.0, "train/critic_loss": 2349.364990234375, "train/learning_rate": 0.0005499593680724502, "train/ent_coef_loss": 0.041305992752313614, "train/actor_loss": -1188.87646484375, "train/ent_coef": 1.2249104976654053, "_runtime": 298738.851831913, "_step": 838}