{"global_step": 3380000, "_timestamp": 1712051688.7622058, "eval/mean_ep_length": 5000.0, "eval/mean_reward": 1188.3055419921875, "train/critic_loss": 1.5466251373291016, "train/learning_rate": 0.0006620000931434333, "train/ent_coef_loss": 5.57694673538208, "train/actor_loss": -5.218344211578369, "train/ent_coef": 0.0065256087109446526, "_runtime": 93897.12689590454, "_step": 337, "time/fps": 35.0, "rollout/ep_rew_mean": 792.0839233398438, "rollout/ep_len_mean": 5000.0}