{"global_step": 6469418, "_timestamp": 1704985129.0504732, "rollout/ep_len_mean": 2618.89990234375, "rollout/ep_rew_mean": 36649.41796875, "time/fps": 27.0, "train/actor_loss": 736.3153076171875, "train/critic_loss": 25723.171875, "train/ent_coef": 3.5944206714630127, "train/ent_coef_loss": -0.018513746559619904, "train/learning_rate": 0.0006018820567987859, "_runtime": 232844.22030711174, "_step": 902}