{"global_step": 2814174, "_timestamp": 1712498754.5042899, "rollout/ep_len_mean": 84.69000244140625, "time/fps": 30.0, "train/ent_coef_loss": 6.810525894165039, "train/ent_coef": 0.015984106808900833, "train/learning_rate": 0.0007185827125795186, "train/critic_loss": 14.249261856079102, "rollout/ep_rew_mean": 77.12029266357422, "train/actor_loss": -69.70929718017578, "_runtime": 92274.81518983841, "_step": 3718, "eval/mean_ep_length": 108.0, "eval/mean_reward": 98.68866729736328}