{"global_step": 1249280, "_timestamp": 1701824443.010257, "time/fps": 149.0, "_runtime": 8385.738205909729, "_step": 609, "rollout/ep_len_mean": 4001.0, "train/entropy_loss": -13.130387306213379, "train/clip_range": 0.20000000298023224, "train/policy_gradient_loss": -4.419067352046113e-07, "train/loss": -2.626085042953491, "train/learning_rate": 2.214399955846602e-06, "train/explained_variance": -4.531235694885254, "rollout/ep_rew_mean": -13840.34765625, "train/clip_fraction": 0.0, "train/approx_kl": 5.122274160385132e-09, "train/std": 121966.8984375, "train/value_loss": 7.101904429873684e-06}