{"global_step": 3220000, "_timestamp": 1711275256.185043, "rollout/ep_len_mean": 5000.0, "rollout/ep_rew_mean": 443.8609924316406, "train/actor_loss": 1616.687255859375, "train/ent_coef_loss": 0.008430509828031063, "train/learning_rate": 0.0006780000985600054, "train/ent_coef": 1.0080170631408691, "time/fps": 10.0, "train/critic_loss": 8295.98046875, "_runtime": 318489.47850203514, "_step": 160}