{"global_step": 2224556, "_timestamp": 1704019948.0703247, "rollout/ep_len_mean": 4001.0, "time/fps": 41.0, "train/ent_coef_loss": 0.4339808523654938, "train/ent_coef": 0.13933107256889343, "train/learning_rate": 1.1308889042993542e-05, "train/critic_loss": 104.2175521850586, "rollout/ep_rew_mean": -5042.80126953125, "train/actor_loss": 244.7172393798828, "_runtime": 54041.61837172508, "_step": 138}