{"global_step": 1248312, "_timestamp": 1702307659.015645, "rollout/ep_len_mean": 4001.0, "rollout/ep_rew_mean": -9053.677734375, "train/actor_loss": 299.19256591796875, "train/ent_coef_loss": 0.9025858044624329, "train/learning_rate": 9.999999747378752e-06, "train/ent_coef": 0.08941659331321716, "time/fps": 47.0, "train/critic_loss": 22.8498592376709, "_runtime": 98895.43525505066, "_step": 239, "SAC_3/global_step": 1248312, "SAC_3/rollout/ep_len_mean": 4001.0, "SAC_3/time/fps": 50.0, "SAC_3/train/ent_coef_loss": 0.031705956906080246, "SAC_3/train/ent_coef": 0.05498223379254341, "SAC_3/train/learning_rate": 9.999999747378752e-06, "SAC_3/train/critic_loss": 1.837425947189331, "SAC_3/rollout/ep_rew_mean": -4295.1162109375, "SAC_3/train/actor_loss": 138.266845703125, "SAC_4/global_step": 1248312, "SAC_4/rollout/ep_len_mean": 4001.0, "SAC_4/time/fps": 49.0, "SAC_4/train/ent_coef_loss": 0.20781999826431274, "SAC_4/train/ent_coef": 0.02916567213833332, "SAC_4/train/learning_rate": 9.999999747378752e-06, "SAC_4/train/critic_loss": 149.46206665039062, "SAC_4/rollout/ep_rew_mean": -2328.223388671875, "SAC_4/train/actor_loss": 64.5999526977539, "SAC_5/global_step": 128032, "SAC_5/rollout/ep_len_mean": 4001.0, "SAC_5/time/fps": 48.0, "SAC_5/train/ent_coef_loss": 0.47422298789024353, "SAC_5/train/ent_coef": 0.05678841099143028, "SAC_5/train/learning_rate": 9.999999747378752e-06, "SAC_5/train/critic_loss": 57.91139602661133, "SAC_5/rollout/ep_rew_mean": -7028.34326171875, "SAC_5/train/actor_loss": 176.63832092285156}