{"gradients/graph_6critic.qf1.4.bias": {"_type": "histogram", "values": [0.0, 0.0, 0.0, 0.0, 0.0, 0.0, 0.0, 0.0, 0.0, 0.0, 0.0, 0.0, 0.0, 0.0, 0.0, 0.0, 0.0, 0.0, 0.0, 0.0, 0.0, 0.0, 0.0, 0.0, 0.0, 0.0, 0.0, 0.0, 0.0, 0.0, 0.0, 0.0, 1.0, 0.0, 0.0, 0.0, 0.0, 0.0, 0.0, 0.0, 0.0, 0.0, 0.0, 0.0, 0.0, 0.0, 0.0, 0.0, 0.0, 0.0, 0.0, 0.0, 0.0, 0.0, 0.0, 0.0, 0.0, 0.0, 0.0, 0.0, 0.0, 0.0, 0.0, 0.0], "bins": [-0.359375, -0.359375, -0.359375, -0.359375, -0.359375, -0.359375, -0.359375, -0.359375, -0.359375, -0.359375, -0.359375, -0.359375, -0.359375, -0.359375, -0.359375, -0.359375, -0.359375, -0.359375, -0.359375, -0.359375, -0.359375, -0.359375, -0.359375, -0.359375, -0.359375, -0.359375, -0.359375, -0.359375, -0.359375, -0.359375, -0.359375, -0.359375, -0.359375, -0.359375, -0.359375, -0.359375, -0.359375, -0.359375, -0.359375, -0.359375, -0.359375, -0.359375, -0.359375, -0.359375, -0.359375, -0.359375, -0.359375, -0.359375, -0.359375, -0.359375, -0.359375, -0.359375, -0.359375, -0.359375, -0.359375, -0.359375, -0.359375, -0.359375, -0.359375, -0.359375, -0.359375, -0.359375, -0.359375, -0.359375, -0.359375]}, "_timestamp": 1705927364.102818, "gradients/graph_6critic.qf1.4.weight": {"_type": "histogram", "values": [1.0, 0.0, 1.0, 0.0, 1.0, 0.0, 0.0, 0.0, 0.0, 0.0, 0.0, 1.0, 1.0, 0.0, 0.0, 0.0, 0.0, 1.0, 0.0, 0.0, 1.0, 0.0, 0.0, 0.0, 1.0, 0.0, 0.0, 0.0, 0.0, 0.0, 0.0, 1.0, 2.0, 2.0, 0.0, 2.0, 0.0, 0.0, 1.0, 1.0, 1.0, 0.0, 1.0, 0.0, 1.0, 2.0, 3.0, 0.0, 0.0, 1.0, 4.0, 1.0, 2.0, 2.0, 3.0, 2.0, 0.0, 2.0, 1.0, 2.0, 1.0, 3.0, 10.0, 197.0], "bins": [-40.09977722167969, -39.47321701049805, -38.84666061401367, -38.22010040283203, -37.59354019165039, -36.966983795166016, -36.340423583984375, -35.713863372802734, -35.087303161621094, -34.46074676513672, -33.83418655395508, -33.20762634277344, -32.58106994628906, -31.954509735107422, -31.327951431274414, -30.701393127441406, -30.074832916259766, -29.448272705078125, -28.821714401245117, -28.19515609741211, -27.56859588623047, -26.94203758239746, -26.315479278564453, -25.688919067382812, -25.062360763549805, -24.435802459716797, -23.809242248535156, -23.18268394470215, -22.55612564086914, -21.9295654296875, -21.303007125854492, -20.67644691467285, -20.049888610839844, -19.423330307006836, -18.796770095825195, -18.170211791992188, -17.543651580810547, -16.91709327697754, -16.29053497314453, -15.663975715637207, -15.037416458129883, -14.410857200622559, -13.784297943115234, -13.157739639282227, -12.531180381774902, -11.904621124267578, -11.27806282043457, -10.651503562927246, -10.024944305419922, -9.398385047912598, -8.771825790405273, -8.145267486572266, -7.518708229064941, -6.892148971557617, -6.265590190887451, -5.639031410217285, -5.012472152709961, -4.385912895202637, -3.7593541145324707, -3.1327950954437256, -2.5062360763549805, -1.8796770572662354, -1.2531180381774902, -0.6265590190887451, 0.0]}, "gradients/graph_6critic.qf1.2.bias": {"_type": "histogram", "values": [1.0, 1.0, 0.0, 0.0, 0.0, 0.0, 0.0, 0.0, 0.0, 0.0, 0.0, 0.0, 1.0, 0.0, 1.0, 0.0, 1.0, 0.0, 0.0, 1.0, 0.0, 1.0, 1.0, 1.0, 2.0, 1.0, 3.0, 3.0, 199.0, 9.0, 6.0, 6.0, 6.0, 2.0, 4.0, 1.0, 0.0, 0.0, 0.0, 0.0, 0.0, 0.0, 1.0, 1.0, 1.0, 0.0, 0.0, 1.0, 0.0, 0.0, 0.0, 0.0, 0.0, 0.0, 0.0, 0.0, 0.0, 0.0, 0.0, 0.0, 0.0, 0.0, 0.0, 1.0], "bins": [-0.8098165392875671, -0.7815299034118652, -0.7532432675361633, -0.7249566316604614, -0.6966699957847595, -0.6683833599090576, -0.6400966644287109, -0.6118100881576538, -0.5835233926773071, -0.55523681640625, -0.5269501209259033, -0.4986635148525238, -0.4703768491744995, -0.4420902132987976, -0.4138035774230957, -0.3855169415473938, -0.3572303056716919, -0.32894366979599, -0.3006570339202881, -0.2723703980445862, -0.24408376216888428, -0.21579712629318237, -0.18751049041748047, -0.15922385454177856, -0.13093715906143188, -0.10265052318572998, -0.07436388731002808, -0.04607725143432617, -0.017790615558624268, 0.010496020317077637, 0.03878265619277954, 0.06706929206848145, 0.09535598754882812, 0.12364262342453003, 0.15192925930023193, 0.18021589517593384, 0.20850253105163574, 0.23678916692733765, 0.26507580280303955, 0.29336243867874146, 0.32164907455444336, 0.34993577003479004, 0.37822240591049194, 0.40650904178619385, 0.43479567766189575, 0.46308231353759766, 0.49136894941329956, 0.5196555852890015, 0.5479422211647034, 0.5762288570404053, 0.6045154929161072, 0.6328021287918091, 0.661088764667511, 0.6893754005432129, 0.7176620960235596, 0.7459486722946167, 0.7742353677749634, 0.8025219440460205, 0.8308086395263672, 0.8590952754020691, 0.887381911277771, 0.9156685471534729, 0.9439551830291748, 0.9722418189048767, 1.0005284547805786]}, "gradients/graph_6critic.qf1.2.weight": {"_type": "histogram", "values": [1.0, 1.0, 0.0, 0.0, 0.0, 0.0, 1.0, 1.0, 0.0, 2.0, 5.0, 7.0, 7.0, 7.0, 9.0, 9.0, 8.0, 12.0, 20.0, 27.0, 37.0, 37.0, 45.0, 72.0, 117.0, 157.0, 305.0, 817.0, 61010.0, 1655.0, 550.0, 221.0, 114.0, 60.0, 50.0, 35.0, 28.0, 29.0, 19.0, 13.0, 9.0, 6.0, 3.0, 5.0, 2.0, 3.0, 4.0, 3.0, 3.0, 2.0, 2.0, 2.0, 2.0, 0.0, 0.0, 1.0, 0.0, 0.0, 0.0, 0.0, 0.0, 0.0, 0.0, 1.0], "bins": [-5.276061058044434, -5.090625286102295, -4.9051899909973145, -4.719754219055176, -4.534318447113037, -4.348882675170898, -4.163447380065918, -3.9780116081237793, -3.7925760746002197, -3.60714054107666, -3.4217047691345215, -3.236269235610962, -3.0508337020874023, -2.8653979301452637, -2.679962396621704, -2.4945266246795654, -2.309091091156006, -2.1236555576324463, -1.9382197856903076, -1.752784252166748, -1.5673484802246094, -1.3819129467010498, -1.1964774131774902, -1.0110416412353516, -0.8256063461303711, -0.6401705741882324, -0.45473480224609375, -0.2692990303039551, -0.08386373519897461, 0.10157203674316406, 0.28700780868530273, 0.4724431037902832, 0.6578788757324219, 0.8433146476745605, 1.028749942779541, 1.2141857147216797, 1.3996214866638184, 1.5850567817687988, 1.7704925537109375, 1.9559283256530762, 2.141364097595215, 2.3267993927001953, 2.512235164642334, 2.6976706981658936, 2.883106231689453, 3.068542003631592, 3.2539775371551514, 3.43941330909729, 3.6248488426208496, 3.810284376144409, 3.995720148086548, 4.181155681610107, 4.366591453552246, 4.552026748657227, 4.737462520599365, 4.922898292541504, 5.108333587646484, 5.293769359588623, 5.479205131530762, 5.664640426635742, 5.850076198577881, 6.0355119705200195, 6.220947742462158, 6.406383037567139, 6.591818809509277]}, "gradients/graph_6critic.qf1.0.bias": {"_type": "histogram", "values": [1.0, 1.0, 0.0, 1.0, 0.0, 0.0, 1.0, 2.0, 1.0, 2.0, 5.0, 5.0, 1.0, 3.0, 5.0, 8.0, 10.0, 30.0, 103.0, 11.0, 20.0, 7.0, 11.0, 4.0, 5.0, 3.0, 1.0, 2.0, 0.0, 2.0, 3.0, 0.0, 1.0, 0.0, 0.0, 1.0, 0.0, 0.0, 1.0, 0.0, 1.0, 0.0, 0.0, 1.0, 0.0, 0.0, 0.0, 0.0, 0.0, 0.0, 1.0, 0.0, 0.0, 0.0, 0.0, 0.0, 0.0, 0.0, 0.0, 0.0, 1.0, 0.0, 0.0, 1.0],