{"global_step": 20000, "_timestamp": 1706805354.428225, "rollout/ep_len_mean": 5000.0, "rollout/ep_rew_mean": 3679.54345703125, "time/fps": 33.0, "train/critic_loss": 1.4350181818008423, "train/learning_rate": 9.980000868381467e-06, "train/ent_coef_loss": 9.403583526611328, "train/actor_loss": -75.2913589477539, "train/ent_coef": 0.006897137500345707, "_runtime": 606.6460390090942, "_step": 0}