{"global_step": 3463829, "_timestamp": 1712400108.2810998, "rollout/ep_len_mean": 754.3699951171875, "rollout/ep_rew_mean": 591.4298095703125, "train/actor_loss": -56.97509765625, "train/ent_coef_loss": -3.4372129440307617, "train/learning_rate": 6.53617171337828e-05, "train/ent_coef": 0.015182779170572758, "time/fps": 40.0, "train/critic_loss": 6.774731636047363, "_runtime": 86105.95358276367, "_step": 1763, "eval/mean_ep_length": 811.0, "eval/mean_reward": 650.947021484375}