{"global_step": 6900000, "_timestamp": 1704812085.328156, "rollout/ep_len_mean": 5000.0, "rollout/ep_rew_mean": -33039.41796875, "time/fps": 24.0, "train/critic_loss": 2328.9755859375, "train/learning_rate": 0.0005753846489824355, "train/ent_coef_loss": 0.015329502522945404, "train/actor_loss": 1462.52392578125, "train/ent_coef": 1.0626510381698608, "_runtime": 281429.64521193504, "_step": 344}