{"global_step": 1524802, "_timestamp": 1705099129.5227194, "rollout/ep_len_mean": 2233.449951171875, "rollout/ep_rew_mean": -26466.064453125, "time/fps": 27.0, "train/actor_loss": -826.2301635742188, "train/critic_loss": 81235.46875, "train/ent_coef": 0.7099519371986389, "train/ent_coef_loss": 0.06511735171079636, "train/learning_rate": 0.0008151756483130157, "_runtime": 55503.09133028984, "_step": 148}