{"global_step": 8400000, "_timestamp": 1711380637.4589689, "rollout/ep_len_mean": 5000.0, "time/fps": 83.0, "train/ent_coef_loss": 11.912574768066406, "train/ent_coef": 0.0008698385208845139, "train/learning_rate": 0.00016000009782146662, "train/critic_loss": 0.10184410214424133, "rollout/ep_rew_mean": 263.2771911621094, "train/actor_loss": -5.154019355773926, "_runtime": 100892.80454778671, "_step": 419}