{"global_step": 1922390, "_timestamp": 1712400176.4185398, "rollout/ep_len_mean": 248.47000122070312, "rollout/ep_rew_mean": 218.40005493164062, "train/actor_loss": -81.7518310546875, "train/ent_coef_loss": -3.480330467224121, "train/learning_rate": 0.0008077610982581973, "train/ent_coef": 0.005773828364908695, "time/fps": 34.0, "train/critic_loss": 8.394094467163086, "_runtime": 55682.05402684212, "_step": 1405, "eval/mean_ep_length": 769.0, "eval/mean_reward": 664.18505859375}