{"global_step": 534541, "_timestamp": 1712599642.3767276, "rollout/ep_len_mean": 189.52999877929688, "time/fps": 25.0, "train/ent_coef_loss": 6.916753768920898, "train/ent_coef": 0.01482719462364912, "train/learning_rate": 0.0009465459734201431, "train/critic_loss": 25.770967483520508, "rollout/ep_rew_mean": 141.92575073242188, "train/actor_loss": -68.94103240966797, "_runtime": 21182.08098769188, "_step": 805, "eval/mean_ep_length": 190.0, "eval/mean_reward": 143.00473022460938}