{"global_step": 3280000, "_timestamp": 1710787182.0734837, "rollout/ep_len_mean": 5000.0, "time/fps": 10.0, "train/ent_coef_loss": 0.31204766035079956, "train/ent_coef": 0.10185794532299042, "train/learning_rate": 0.0006720001110807061, "train/critic_loss": 68.79421997070312, "rollout/ep_rew_mean": 771.9891357421875, "train/actor_loss": 55.67283630371094, "_runtime": 325490.6226158142, "_step": 163}