{"global_step": 2721020, "_timestamp": 1712767942.316955, "rollout/ep_len_mean": 236.99000549316406, "time/fps": 23.0, "train/ent_coef_loss": -5.725564002990723, "train/ent_coef": 0.006152463145554066, "train/learning_rate": 0.0007278980920091271, "train/critic_loss": 6.649735450744629, "rollout/ep_rew_mean": 236.99000549316406, "train/actor_loss": -81.92433166503906, "_runtime": 114714.84621119499, "_step": 4199, "eval/mean_ep_length": 239.0, "eval/mean_reward": 239.0}