{"global_step": 2010000, "_timestamp": 1711876054.6432116, "eval/mean_ep_length": 5000.0, "eval/mean_reward": 2009.2242431640625, "train/critic_loss": 0.04763861000537872, "train/learning_rate": 0.0007990000885911286, "train/ent_coef_loss": -1.8790066242218018, "train/actor_loss": -33.705650329589844, "train/ent_coef": 0.004608181770890951, "_runtime": 49308.18462562561, "_step": 200, "rollout/ep_rew_mean": 1788.351318359375, "rollout/ep_len_mean": 5000.0, "time/fps": 40.0}