{"global_step": 6540000, "_timestamp": 1706046321.0246577, "rollout/ep_len_mean": 5000.0, "rollout/ep_rew_mean": -13193.8037109375, "time/fps": 31.0, "train/actor_loss": 151.92178344726562, "train/critic_loss": 10.822975158691406, "train/ent_coef_loss": 0.9976357817649841, "train/ent_coef": 0.06737566739320755, "train/learning_rate": 0.0003460001025814563, "_runtime": 209811.03450369835, "_step": 326}