{"global_step": 1890000, "_timestamp": 1712243132.494151, "rollout/ep_len_mean": 739.3499755859375, "time/fps": 41.0, "train/ent_coef_loss": -0.17705118656158447, "train/ent_coef": 0.01396852359175682, "train/learning_rate": 0.0008110001217573881, "train/critic_loss": 13.20908260345459, "rollout/ep_rew_mean": 606.6621704101562, "train/actor_loss": -58.041725158691406, "_runtime": 106262.43017721176, "_step": 2849, "eval/mean_ep_length": 5000.0, "eval/mean_reward": 4502.41015625, "SAC_69/global_step": 20000, "SAC_69/rollout/ep_len_mean": 486.6944580078125, "SAC_69/time/fps": 41.0, "SAC_69/train/ent_coef_loss": 28.757152557373047, "SAC_69/train/ent_coef": 0.01480785757303238, "SAC_69/train/learning_rate": 9.980000868381467e-06, "SAC_69/train/critic_loss": 126.19352722167969, "SAC_69/rollout/ep_rew_mean": 402.7242431640625, "SAC_69/train/actor_loss": 1.5608291625976562, "SAC_69/eval/mean_ep_length": 1965.0, "SAC_69/eval/mean_reward": 1616.6492919921875, "SAC_71/global_step": 397, "SAC_71/rollout/ep_len_mean": 99.25, "SAC_71/time/fps": 22.0, "SAC_71/train/ent_coef_loss": 29.136539459228516, "SAC_71/train/ent_coef": 0.014956981875002384, "SAC_71/train/learning_rate": 9.99960411718348e-06, "SAC_71/train/critic_loss": 126.1226577758789, "SAC_71/rollout/ep_rew_mean": 78.24835205078125, "SAC_71/train/actor_loss": 11.932104110717773, "SAC_72/global_step": 279685, "SAC_72/rollout/ep_len_mean": 39.18000030517578, "SAC_72/time/fps": 13.0, "SAC_72/train/ent_coef_loss": 1.355830430984497, "SAC_72/train/ent_coef": 0.05744640529155731, "SAC_72/train/learning_rate": 9.720315574668348e-06, "SAC_72/train/critic_loss": 62.58502197265625, "SAC_72/rollout/ep_rew_mean": 33.62091827392578, "SAC_72/train/actor_loss": 32.92576217651367, "SAC_72/eval/mean_ep_length": 37.0, "SAC_72/eval/mean_reward": 31.499162673950195}