{"global_step": 1552384, "_timestamp": 1712768027.3167288, "rollout/ep_len_mean": 58.959999084472656, "rollout/ep_rew_mean": 50.528236389160156, "time/fps": 16.0, "train/actor_loss": -21.588287353515625, "train/critic_loss": 4.201441764831543, "train/ent_coef_loss": -2.723217487335205, "train/ent_coef": 0.003890332533046603, "train/learning_rate": 0.0008447616710327566, "_runtime": 96772.38546276093, "_step": 5228, "eval/mean_ep_length": 57.0, "eval/mean_reward": 49.09393310546875}