{"global_step": 680000, "_timestamp": 1705068728.6012602, "rollout/ep_len_mean": 5000.0, "time/fps": 26.0, "train/ent_coef_loss": 2.684844493865967, "train/ent_coef": 0.01073135994374752, "train/learning_rate": 0.0009175759041681886, "train/critic_loss": 1.584833025932312, "rollout/ep_rew_mean": -17828.212890625, "train/actor_loss": 548.7935180664062, "_runtime": 25391.10337328911, "_step": 33}