{"global_step": 1160000, "_timestamp": 1711608395.6799116, "eval/mean_ep_length": 5000.0, "train/actor_loss": -49.831947326660156, "train/ent_coef_loss": 3.558936357498169, "train/learning_rate": 0.000884000095538795, "train/ent_coef": 0.004027456045150757, "eval/mean_reward": 4631.8505859375, "train/critic_loss": 0.420562207698822, "_runtime": 24286.78245663643, "_step": 115, "time/fps": 48.0, "rollout/ep_rew_mean": 2900.5458984375, "rollout/ep_len_mean": 5000.0}