{"global_step": 7692722, "_timestamp": 1712654804.3200083, "rollout/ep_len_mean": 184.47999572753906, "time/fps": 35.0, "train/ent_coef_loss": 10.476947784423828, "train/ent_coef": 0.008517936803400517, "train/learning_rate": 0.00023072790645528585, "train/critic_loss": 8.397214889526367, "rollout/ep_rew_mean": 160.83071899414062, "train/actor_loss": -68.8605728149414, "_runtime": 216624.74792718887, "_step": 6742, "eval/mean_ep_length": 119.0, "eval/mean_reward": 103.24768829345703}