{"global_step": 4013116, "_timestamp": 1712758029.406603, "rollout/ep_len_mean": 42.7400016784668, "time/fps": 25.0, "train/ent_coef_loss": 0.863318920135498, "train/ent_coef": 0.0041613709181547165, "train/learning_rate": 0.0005986884934827685, "train/critic_loss": 30.826358795166016, "rollout/ep_rew_mean": 32.153404235839844, "train/actor_loss": -25.484371185302734, "_runtime": 155739.73363518715, "_step": 5912, "eval/mean_ep_length": 41.0, "eval/mean_reward": 30.22810173034668}