{"global_step": 3980000, "_timestamp": 1711178596.3513947, "rollout/ep_len_mean": 5000.0, "time/fps": 10.0, "train/ent_coef_loss": -0.6008260250091553, "train/ent_coef": 0.0003828343760687858, "train/learning_rate": 0.0006020001019351184, "train/critic_loss": 0.006074556615203619, "rollout/ep_rew_mean": 803.311279296875, "train/actor_loss": -15.025753021240234, "_runtime": 388291.1586186886, "_step": 198}