{"global_step": 3260000, "_timestamp": 1707226755.8496892, "rollout/ep_len_mean": 5000.0, "time/fps": 32.0, "train/ent_coef_loss": -0.32558947801589966, "train/ent_coef": 4.3399529457092285, "train/learning_rate": 6.740001026628306e-06, "train/critic_loss": 15426.13671875, "rollout/ep_rew_mean": -611.956787109375, "train/actor_loss": -3975.01025390625, "_runtime": 101705.56246232986, "_step": 162}