{"global_step": 2180804, "_timestamp": 1712400083.8424125, "rollout/ep_len_mean": 714.6500244140625, "time/fps": 39.0, "train/ent_coef_loss": -2.6214263439178467, "train/ent_coef": 0.019174417480826378, "train/learning_rate": 7.819197344360873e-05, "train/critic_loss": 7.6912922859191895, "rollout/ep_rew_mean": 650.5294799804688, "train/actor_loss": -51.02880096435547, "_runtime": 55489.801154375076, "_step": 907, "eval/mean_ep_length": 725.0, "eval/mean_reward": 659.589599609375}