{"global_step": 780000, "_timestamp": 1710422350.3640945, "rollout/ep_len_mean": 5000.0, "time/fps": 10.0, "rollout/ep_rew_mean": -904.8837280273438, "train/actor_loss": 18.278223037719727, "train/ent_coef_loss": -19.89145278930664, "train/ent_coef": 0.0001479771308368072, "train/critic_loss": 0.007302593905478716, "train/learning_rate": 0.0009220000938512385, "_runtime": 76992.9878795147, "_step": 38}