{"global_step": 1316959, "_timestamp": 1712040928.837091, "rollout/ep_len_mean": 520.7999877929688, "rollout/ep_rew_mean": 520.7999877929688, "time/fps": 26.0, "train/critic_loss": 5.818952560424805, "train/learning_rate": 8.683041960466653e-05, "train/ent_coef_loss": 5.079679489135742, "train/actor_loss": -53.441078186035156, "train/ent_coef": 0.01642082817852497, "_runtime": 50259.28647994995, "_step": 1476, "eval/mean_ep_length": 4060.199951171875, "eval/mean_reward": 4060.199951171875}