{"global_step": 6960000, "_timestamp": 1711795292.9660935, "eval/mean_ep_length": 5000.0, "train/actor_loss": -53.24186706542969, "train/ent_coef_loss": -5.72967529296875, "train/learning_rate": 0.0007090001017786562, "train/ent_coef": 0.00043931338586844504, "eval/mean_reward": 2593.525146484375, "train/critic_loss": 0.0842183530330658, "_runtime": 211185.51425457, "_step": 985, "time/fps": 51.0, "rollout/ep_rew_mean": 2605.757080078125, "rollout/ep_len_mean": 5000.0, "SAC_42/global_step": 6960000, "SAC_42/eval/mean_ep_length": 5000.0, "SAC_42/train/actor_loss": -53.528419494628906, "SAC_42/train/ent_coef_loss": -3.930375337600708, "SAC_42/train/learning_rate": 0.0003040001029148698, "SAC_42/train/ent_coef": 0.00014982112043071538, "SAC_42/eval/mean_reward": 2687.131591796875, "SAC_42/train/critic_loss": 0.0032797460444271564, "SAC_42/time/fps": 45.0, "SAC_42/rollout/ep_rew_mean": 2685.535888671875, "SAC_42/rollout/ep_len_mean": 5000.0}