{"global_step": 3480000, "_timestamp": 1711876005.3617806, "eval/mean_ep_length": 5000.0, "train/actor_loss": -41.851539611816406, "train/ent_coef_loss": 1.5840684175491333, "train/learning_rate": 0.0006520000752061605, "train/ent_coef": 0.056990332901477814, "eval/mean_reward": 38.1778450012207, "train/critic_loss": 45.2022590637207, "_runtime": 80036.14014458656, "_step": 347, "time/fps": 43.0, "rollout/ep_rew_mean": 1039.5853271484375, "rollout/ep_len_mean": 5000.0}