{"global_step": 3780000, "_timestamp": 1711835456.6880834, "eval/mean_ep_length": 5000.0, "train/actor_loss": -59.02593231201172, "train/ent_coef_loss": 0.7120153307914734, "train/learning_rate": 0.0006220000796020031, "train/ent_coef": 0.013664182275533676, "eval/mean_reward": 3143.8388671875, "train/critic_loss": 2.8461031913757324, "_runtime": 88941.27637243271, "_step": 377, "time/fps": 42.0, "rollout/ep_rew_mean": 2780.98681640625, "rollout/ep_len_mean": 5000.0}