{"global_step": 4581177, "_timestamp": 1704751924.8648262, "rollout/ep_len_mean": 1809.27001953125, "time/fps": 32.0, "train/ent_coef_loss": -0.15769952535629272, "train/ent_coef": 5.520341873168945, "train/learning_rate": 0.0008200125303119421, "train/critic_loss": 365879.9375, "rollout/ep_rew_mean": -54617.796875, "train/actor_loss": 5846.984375, "_runtime": 271738.08872413635, "_step": 1433, "SAC_16/global_step": 4581177, "SAC_16/rollout/ep_len_mean": 1040.31005859375, "SAC_16/rollout/ep_rew_mean": -53352.90234375, "SAC_16/train/actor_loss": 12395.865234375, "SAC_16/time/fps": 25.0, "SAC_16/train/ent_coef": 21.194246292114258, "SAC_16/train/critic_loss": 1561925.0, "SAC_16/train/learning_rate": 0.0007180814864113927, "SAC_16/train/ent_coef_loss": -0.3012721538543701}