{"global_step": 340000, "_timestamp": 1710458693.334853, "rollout/ep_len_mean": 5000.0, "time/fps": 10.0, "train/ent_coef_loss": 2.825394630432129, "train/ent_coef": 64.93563842773438, "train/learning_rate": 0.0009660000796429813, "train/critic_loss": 105927616.0, "rollout/ep_rew_mean": -18378736.0, "train/actor_loss": 658677.875, "_runtime": 33225.55943989754, "_step": 16}