{"global_step": 3460000, "_timestamp": 1710421942.6488268, "rollout/ep_len_mean": 5000.0, "rollout/ep_rew_mean": -174.22128295898438, "train/actor_loss": 5.494682312011719, "train/ent_coef_loss": 4.82188606262207, "train/learning_rate": 0.0006540000904351473, "train/ent_coef": 0.0005830209120176733, "time/fps": 10.0, "train/critic_loss": 0.004373107571154833, "_runtime": 329698.52354073524, "_step": 172}