{"global_step": 8340000, "_timestamp": 1711548848.5387042, "rollout/ep_len_mean": 5000.0, "time/fps": 75.0, "train/ent_coef_loss": -0.3251275420188904, "train/ent_coef": 1.248169183731079, "train/learning_rate": 0.00016600009985268116, "train/critic_loss": 83635.296875, "rollout/ep_rew_mean": 608.4633178710938, "train/actor_loss": -2011.3438720703125, "_runtime": 110343.28093719482, "_step": 416}