{"global_step": 2070000, "_timestamp": 1711548731.2216516, "eval/mean_ep_length": 5000.0, "train/actor_loss": 0.8128652572631836, "train/ent_coef_loss": 21.890453338623047, "train/learning_rate": 0.0009950001258403063, "train/ent_coef": 0.0005810240982100368, "eval/mean_reward": 109.43099975585938, "train/critic_loss": 2.654360294342041, "_runtime": 87970.87791061401, "_step": 527, "time/fps": 52.0, "rollout/ep_rew_mean": 363.476806640625, "rollout/ep_len_mean": 5000.0, "SAC_29/global_step": 120000, "SAC_29/eval/mean_ep_length": 5000.0, "SAC_29/train/actor_loss": -22.28888702392578, "SAC_29/train/ent_coef_loss": 1.2673321962356567, "SAC_29/train/learning_rate": 0.0009880000725388527, "SAC_29/train/ent_coef": 0.00587519071996212, "SAC_29/eval/mean_reward": 4919.7021484375, "SAC_29/train/critic_loss": 3.987075090408325, "SAC_29/time/fps": 53.0, "SAC_29/rollout/ep_rew_mean": 1372.4615478515625, "SAC_29/rollout/ep_len_mean": 5000.0, "SAC_30/global_step": 1410000, "SAC_30/eval/mean_ep_length": 5000.0, "SAC_30/train/actor_loss": -74.65689086914062, "SAC_30/train/ent_coef_loss": 4.110349655151367, "SAC_30/train/learning_rate": 0.0008590000797994435, "SAC_30/train/ent_coef": 0.00674950098618865, "SAC_30/eval/mean_reward": 529.6181030273438, "SAC_30/train/critic_loss": 2.5246593952178955, "SAC_30/time/fps": 54.0, "SAC_30/rollout/ep_rew_mean": 3027.353759765625, "SAC_30/rollout/ep_len_mean": 5000.0, "SAC_31/global_step": 2070000, "SAC_31/eval/mean_ep_length": 5000.0, "SAC_31/train/actor_loss": -30.45745849609375, "SAC_31/train/ent_coef_loss": -1.9823867082595825, "SAC_31/train/learning_rate": 0.0007930001011118293, "SAC_31/train/ent_coef": 0.006085002329200506, "SAC_31/eval/mean_reward": 511.7073974609375, "SAC_31/train/critic_loss": 1.8182735443115234, "SAC_31/time/fps": 54.0, "SAC_31/rollout/ep_rew_mean": 1189.4603271484375, "SAC_31/rollout/ep_len_mean": 5000.0, "SAC_32/global_step": 1107699, "SAC_32/eval/mean_ep_length": 5000.0, "SAC_32/train/actor_loss": -48.97172546386719, "SAC_32/train/ent_coef_loss": 9.429160118103027, "SAC_32/train/learning_rate": 0.0008892302284948528, "SAC_32/train/ent_coef": 0.007262745406478643, "SAC_32/eval/mean_reward": 3601.556640625, "SAC_32/train/critic_loss": 3.1495718955993652, "SAC_32/rollout/ep_len_mean": 5000.0, "SAC_32/time/fps": 54.0, "SAC_32/rollout/ep_rew_mean": 2691.78515625}