{"global_step": 5330000, "_timestamp": 1711795160.3759396, "eval/mean_ep_length": 5000.0, "train/actor_loss": -95.32178497314453, "train/ent_coef_loss": -0.6469995975494385, "train/learning_rate": 0.00046700009261257946, "train/ent_coef": 0.03263279050588608, "eval/mean_reward": 3475.60791015625, "train/critic_loss": 11.25146484375, "_runtime": 123781.48930048943, "_step": 532, "rollout/ep_len_mean": 5000.0, "rollout/ep_rew_mean": 3175.85693359375, "time/fps": 43.0}