{"global_step": 680000, "_timestamp": 1710421883.2512257, "rollout/ep_len_mean": 5000.0, "rollout/ep_rew_mean": -826.7304077148438, "time/fps": 10.0, "train/critic_loss": 0.030269622802734375, "train/learning_rate": 0.0009320001117885113, "train/ent_coef_loss": -15.02334976196289, "train/actor_loss": 17.135005950927734, "train/ent_coef": 0.0001715874095680192, "_runtime": 66234.17316675186, "_step": 33}