{"global_step": 520000, "_timestamp": 1712865656.843359, "rollout/ep_len_mean": 640.4199829101562, "time/fps": 40.0, "train/ent_coef_loss": -2.3858888149261475, "train/ent_coef": 0.055087845772504807, "train/learning_rate": 0.0009480001172050834, "train/critic_loss": 111.15656280517578, "rollout/ep_rew_mean": 581.2181396484375, "train/actor_loss": -132.98431396484375, "_runtime": 12978.213582992554, "_step": 428, "eval/mean_ep_length": 5000.0, "eval/mean_reward": 4842.2412109375}