{"global_step": 4225056, "_timestamp": 1704207116.8770301, "rollout/ep_len_mean": 4001.0, "rollout/ep_rew_mean": -45080.8125, "time/fps": 42.0, "train/critic_loss": 28.1015625, "train/learning_rate": 0.0008790813153609633, "train/ent_coef_loss": -0.0018726438283920288, "train/actor_loss": 1100.884765625, "train/ent_coef": 0.031606193631887436, "_runtime": 178961.7168931961, "_step": 418, "SAC_10/global_step": 2240560, "SAC_10/rollout/ep_len_mean": 4001.0, "SAC_10/rollout/ep_rew_mean": -4013.58056640625, "SAC_10/train/actor_loss": 419.79840087890625, "SAC_10/train/ent_coef_loss": 0.0003893268294632435, "SAC_10/train/learning_rate": 4.196000190859195e-06, "SAC_10/train/ent_coef": 0.6444166898727417, "SAC_10/time/fps": 42.0, "SAC_10/train/critic_loss": 168.76681518554688, "SAC_11/global_step": 4225056, "SAC_11/rollout/ep_len_mean": 4001.0, "SAC_11/time/fps": 40.0, "SAC_11/train/ent_coef_loss": -0.04853382706642151, "SAC_11/train/ent_coef": 0.3852778375148773, "SAC_11/train/learning_rate": 5.8694117797131184e-06, "SAC_11/train/critic_loss": 133.44760131835938, "SAC_11/rollout/ep_rew_mean": -3188.265625, "SAC_11/train/actor_loss": 204.92552185058594}