{"global_step": 4241060, "_timestamp": 1704295078.0754926, "rollout/ep_len_mean": 4001.0, "rollout/ep_rew_mean": -45080.8125, "time/fps": 42.0, "train/critic_loss": 28.1015625, "train/learning_rate": 0.0008790813153609633, "train/ent_coef_loss": -0.0018726438283920288, "train/actor_loss": 1100.884765625, "train/ent_coef": 0.031606193631887436, "_runtime": 266922.9153556824, "_step": 625, "SAC_10/global_step": 2240560, "SAC_10/rollout/ep_len_mean": 4001.0, "SAC_10/rollout/ep_rew_mean": -4013.58056640625, "SAC_10/train/actor_loss": 419.79840087890625, "SAC_10/train/ent_coef_loss": 0.0003893268294632435, "SAC_10/train/learning_rate": 4.196000190859195e-06, "SAC_10/train/ent_coef": 0.6444166898727417, "SAC_10/time/fps": 42.0, "SAC_10/train/critic_loss": 168.76681518554688, "SAC_11/global_step": 4241060, "SAC_11/rollout/ep_len_mean": 4001.0, "SAC_11/time/fps": 40.0, "SAC_11/train/ent_coef_loss": -0.040030449628829956, "SAC_11/train/ent_coef": 0.3782285749912262, "SAC_11/train/learning_rate": 2.1037647002231097e-06, "SAC_11/train/critic_loss": 279.57403564453125, "SAC_11/rollout/ep_rew_mean": -3123.8974609375, "SAC_11/train/actor_loss": 228.93276977539062, "SAC_12/global_step": 3296824, "SAC_12/rollout/ep_len_mean": 4001.0, "SAC_12/time/fps": 40.0, "SAC_12/train/ent_coef_loss": -0.014625921845436096, "SAC_12/train/ent_coef": 0.6923863291740417, "SAC_12/train/learning_rate": 0.0006003850721754134, "SAC_12/train/critic_loss": 512.2489624023438, "SAC_12/rollout/ep_rew_mean": -19612.794921875, "SAC_12/train/actor_loss": 806.5753173828125}