{"global_step": 10000, "_timestamp": 1707316768.2275012, "train/explained_variance": -0.0020505189895629883, "train/std": 0.9505586624145508, "train/value_loss": 2.4755387130426243e-05, "time/fps": 62.0, "train/policy_loss": 0.01090254820883274, "train/entropy_loss": -2.7367355823516846, "train/learning_rate": 0.0009990005055442452, "_runtime": 477.35237526893616, "_step": 31, "rollout/ep_len_mean": 5000.0, "rollout/ep_rew_mean": -1852.578369140625, "A2C_2/global_step": 6000, "A2C_2/time/fps": 67.0, "A2C_2/train/explained_variance": -0.0009233951568603516, "A2C_2/train/std": 2.468250036239624, "A2C_2/train/value_loss": 0.1887291669845581, "A2C_2/train/policy_loss": -1.6656948328018188, "A2C_2/train/entropy_loss": -4.643863201141357, "A2C_2/train/learning_rate": 0.0009994005085900426, "A2C_2/rollout/ep_len_mean": 5000.0, "A2C_2/rollout/ep_rew_mean": -1852.1456298828125}