{"global_step": 20000, "_timestamp": 1705304539.4348898, "rollout/ep_len_mean": 5000.0, "time/fps": 40.0, "train/ent_coef_loss": 2.299915313720703, "train/ent_coef": 0.014642893336713314, "train/learning_rate": 9.975758985092398e-06, "train/critic_loss": 0.30797553062438965, "rollout/ep_rew_mean": -1826.7236328125, "train/actor_loss": 22.129436492919922, "_runtime": 1262.443797826767, "_step": 0}