{"global_step": 2820000, "_timestamp": 1706716392.746682, "eval/mean_ep_length": 5000.0, "train/actor_loss": 3798.652099609375, "train/ent_coef_loss": -0.324403315782547, "train/learning_rate": 7.180000920925522e-06, "train/ent_coef": 0.19517049193382263, "eval/mean_reward": -46101.6484375, "train/critic_loss": 26.15641975402832, "_runtime": 183794.22917985916, "_step": 281, "time/fps": 15.0, "rollout/ep_rew_mean": -180376.40625, "rollout/ep_len_mean": 5000.0}