{"global_step": 1560000, "_timestamp": 1710337819.5935202, "rollout/ep_len_mean": 5000.0, "time/fps": 3.0, "train/ent_coef_loss": 3.119932174682617, "train/ent_coef": 0.0001413419668097049, "train/learning_rate": 0.0008440000819973648, "train/critic_loss": 0.006209849379956722, "rollout/ep_rew_mean": -789.7488403320312, "train/actor_loss": 16.193065643310547, "_runtime": 422971.5821812153, "_step": 77}