{"global_step": 231401, "_timestamp": 1712416133.8346293, "rollout/ep_len_mean": 668.0700073242188, "time/fps": 29.0, "train/ent_coef_loss": 3.078286647796631, "train/ent_coef": 0.027366729453206062, "train/learning_rate": 9.76859973889077e-06, "train/critic_loss": 7.908563613891602, "rollout/ep_rew_mean": 550.3557739257812, "train/actor_loss": -45.783912658691406, "_runtime": 7946.106203317642, "_step": 232, "eval/mean_ep_length": 893.0, "eval/mean_reward": 699.8382568359375}