{"global_step": 20000, "_timestamp": 1710954423.8543782, "rollout/ep_len_mean": 5000.0, "time/fps": 10.0, "train/ent_coef_loss": 0.12223535776138306, "train/ent_coef": 0.000745067372918129, "train/learning_rate": 0.0009980001486837864, "train/critic_loss": 0.010132118128240108, "rollout/ep_rew_mean": 4978.96337890625, "train/actor_loss": -69.43092346191406, "_runtime": 1975.079511165619, "_step": 0}