{"global_step": 627985, "_timestamp": 1712919308.1259773, "rollout/ep_len_mean": 350.9599914550781, "rollout/ep_rew_mean": 298.80352783203125, "time/fps": 36.0, "train/critic_loss": 301002.0, "train/learning_rate": 0.0009372016065753996, "train/ent_coef_loss": 0.9578241109848022, "train/actor_loss": -5181.8369140625, "train/ent_coef": 2.110752820968628, "_runtime": 17417.257598161697, "_step": 764, "eval/mean_ep_length": 192.0, "eval/mean_reward": 139.24151611328125}