{"global_step": 1760000, "_timestamp": 1705215118.1846347, "rollout/ep_len_mean": 5000.0, "time/fps": 40.0, "train/ent_coef_loss": -0.2173488587141037, "train/ent_coef": 0.15677598118782043, "train/learning_rate": 7.86666787462309e-05, "train/critic_loss": 25.95154571533203, "rollout/ep_rew_mean": -11718.7412109375, "train/actor_loss": 6.5834455490112305, "_runtime": 43194.13117957115, "_step": 87}