{"global_step": 79176, "_timestamp": 1711961748.816451, "rollout/ep_len_mean": 359.2099914550781, "time/fps": 20.0, "train/ent_coef_loss": -8.83587646484375, "train/ent_coef": 0.028785401955246925, "train/learning_rate": 0.0009920825250446796, "train/critic_loss": 4.430365562438965, "rollout/ep_rew_mean": 359.2099914550781, "train/actor_loss": -56.71513366699219, "_runtime": 3831.5093660354614, "_step": 160, "eval/mean_ep_length": 498.0, "eval/mean_reward": 498.0}