{"global_step": 4170000, "_timestamp": 1706817334.7825465, "eval/mean_ep_length": 5000.0, "train/actor_loss": 730.6122436523438, "train/ent_coef_loss": -0.2161397635936737, "train/learning_rate": 5.830001100548543e-05, "train/ent_coef": 0.21169696748256683, "eval/mean_reward": -29778.685546875, "train/critic_loss": 32.26716613769531, "_runtime": 266006.9610104561, "_step": 416, "time/fps": 15.0, "rollout/ep_rew_mean": -30315.22265625, "rollout/ep_len_mean": 5000.0}