{"global_step": 2800000, "_timestamp": 1712767528.519272, "eval/mean_ep_length": 5000.0, "train/actor_loss": 98.3246841430664, "train/ent_coef_loss": -1248.8370361328125, "eval/mean_reward": -4910.328125, "train/critic_loss": 0.038643136620521545, "train/ent_coef": 0.0, "train/learning_rate": 0.0007200001273304224, "_runtime": 78879.01241016388, "_step": 279, "rollout/ep_len_mean": 5000.0, "time/fps": 35.0, "rollout/ep_rew_mean": -4911.3798828125}