{"global_step": 1840000, "_timestamp": 1711276801.6121166, "rollout/ep_len_mean": 5000.0, "time/fps": 21.0, "train/ent_coef_loss": -8.493244171142578, "train/ent_coef": 0.0015743409749120474, "train/learning_rate": 0.000816000101622194, "train/critic_loss": 0.45536816120147705, "rollout/ep_rew_mean": 513.2750244140625, "train/actor_loss": -1.8808906078338623, "_runtime": 87261.14684867859, "_step": 91}