{"global_step": 912228, "_timestamp": 1701820830.7786436, "rollout/ep_len_mean": 4001.0, "time/fps": 46.0, "train/ent_coef_loss": 0.3809831142425537, "train/ent_coef": 0.019576523452997208, "train/learning_rate": 0.0002702184137888253, "train/critic_loss": 0.3426375389099121, "rollout/ep_rew_mean": -661.7642822265625, "train/actor_loss": 60.977046966552734, "_runtime": 19763.68248963356, "_step": 56}