{"global_step": 5170000, "_timestamp": 1712051642.8608034, "eval/mean_ep_length": 5000.0, "train/actor_loss": 30.496246337890625, "train/ent_coef_loss": -1.0091663599014282, "train/learning_rate": 0.00048300009802915156, "train/ent_coef": 0.026899263262748718, "eval/mean_reward": -770.5661010742188, "train/critic_loss": 100.0350112915039, "_runtime": 142630.52781939507, "_step": 516, "rollout/ep_len_mean": 5000.0, "rollout/ep_rew_mean": -773.1741333007812, "time/fps": 36.0}