{"global_step": 697587, "_timestamp": 1712852601.3656917, "rollout/ep_len_mean": 304.510009765625, "time/fps": 40.0, "train/ent_coef_loss": 2.0114054679870605, "train/ent_coef": 0.01331388484686613, "train/learning_rate": 0.0009302414255216718, "train/critic_loss": 14.268814086914062, "rollout/ep_rew_mean": 246.40492248535156, "train/actor_loss": -114.63777160644531, "_runtime": 17425.852388620377, "_step": 699, "eval/mean_ep_length": 1076.0, "eval/mean_reward": 976.8031616210938}