{"global_step": 2638478, "_timestamp": 1712498711.5138698, "rollout/ep_len_mean": 197.32000732421875, "time/fps": 28.0, "train/ent_coef_loss": -5.044992446899414, "train/ent_coef": 0.007030106615275145, "train/learning_rate": 0.0007361522875726223, "train/critic_loss": 25.25995635986328, "rollout/ep_rew_mean": 153.97097778320312, "train/actor_loss": -57.32648849487305, "_runtime": 92278.87069869041, "_step": 3213, "eval/mean_ep_length": 159.0, "eval/mean_reward": 124.55225372314453}